{"cameraMode":{"drawMode":0,"name":"Shaded","section":"Shading Mode"},"sceneLighting":false,"audioPlay":false,"sceneViewState":{"m_AlwaysRefresh":false,"showFog":true,"showSkybox":false,"showFlares":true,"showImageEffects":true,"showParticleSystems":true,"showVisualEffectGraphs":true,"m_FxEnabled":true},"in2DMode":false,"pivot":{"x":0.13319534063339234,"y":0.3317788541316986,"z":-0.11064454168081284},"rotation":{"x":0.19863662123680116,"y":0.7741135358810425,"z":-0.2929792106151581,"w":0.5248408317565918},"size":0.6146495938301086,"orthographic":false}